texto,idioma,sentimiento
La interfaz intuitiva facilita la navegación incluso para principiantes,es,positivo
El rendimiento gráfico dejó mucho que desear en juegos exigentes,es,negativo
Constantes fallos de conectividad WiFi tras la última actualización,es,negativo
Sorprendido por la autonomía de la batería en modo de uso intensivo,es,positivo
El sistema operativo se bloquea recurrentemente al ejecutar múltiples apps,es,negativo
Calidad de construcción premium que justifica su precio elevado,es,positivo
El micrófono incorporado tiene una sensibilidad deficiente en ambientes ruidosos,es,negativo
Actualizaciones frecuentes que realmente mejoran la experiencia de usuario,es,positivo
El sensor de huellas demora hasta 3 segundos en reconocer mi dedo,es,negativo
Ergonomía excepcional para sesiones prolongadas de trabajo,es,positivo
El altavoz principal distorsiona los graves a volumen máximo,es,negativo
Reconocimiento facial funciona incluso con baja iluminación ambiental,es,positivo
El sobrecalentamiento persiste durante videollamadas extensas,es,negativo
El diseño modular permite actualizaciones futuras de componentes,es,positivo
La cámara frontal suaviza excesivamente los detalles en retratos,es,negativo
El software de gestión de energía optimiza notablemente el consumo,es,positivo
El panel táctil registra clics fantasmas de manera intermitente,es,negativo
La función de carga rápida supera las especificaciones anunciadas,es,positivo
Los controladores periféricos presentan incompatibilidades recurrentes,es,negativo
La pantalla HDR ofrece negros profundos y colores vibrantes,es,positivo
Bluetooth 5.3 mantiene conexión estable hasta 15 metros de distancia,es,positivo
El sistema de refrigeración genera ruido molesto bajo carga moderada,es,negativo
La corrección automática de texto subestima mi vocabulario técnico,es,negativo
La resistencia al agua IP68 fue verificada satisfactoriamente en pruebas,es,positivo
El asistente virtual interpreta incorrectamente comandos complejos,es,negativo
Excepcional relación calidad-precio en su categoría de gama media,es,positivo
El módulo 5G consume batería de manera desproporcionada,es,negativo
Los perfiles personalizados de sonido enriquecen la experiencia auditiva,es,positivo
La cubierta anti-reflejos reduce eficazmente el cansancio visual,es,positivo
El proceso de devolución resultó engorroso y burocrático,es,negativo
El reconocimiento de voz transcribe con 98% de precisión dialectos regionales,es,positivo
La bisagra presenta holgura tras apenas dos meses de uso regular,es,negativo
Actualización de firmware resolvió problemas de latencia en periféricos,es,positivo
El sistema de reconocimiento facial falla con accesorios de realidad virtual,es,negativo
La función multitarea gestiona eficientemente 12 apps simultáneas,es,positivo
El micrófono no filtra adecuadamente el ruido ambiental en conferencias,es,negativo
La pantalla táctil responde con precisión milimétrica al lápiz óptico,es,positivo
El módulo GPS tarda 45 segundos en fijar posición en interiores,es,negativo
La conectividad Thunderbolt 4 permite transferencias a 40 Gbps,es,positivo
El software preinstalado incluye bloatware difícil de desinstalar,es,negativo
El sistema de sonido Dolby Atmos crea una envolvente inmersiva,es,positivo
La cámara térmica identifica componentes sobrecalentados con precisión,es,positivo
El teclado mecánico ofrece retroalimentación táctil consistente,es,positivo
La compatibilidad con legacy systems requiere controladores adicionales,es,negativo
El modo oscuro automático se ajusta inteligentemente a la iluminación ambiental,es,positivo
El sensor de huellas requiere recalibración semanal para mantener precisión,es,negativo
La realidad aumentada integrada supera expectativas en aplicaciones CAD,es,positivo
El proceso de autenticación biométrica consume recursos excesivos,es,negativo
La pantalla plegable muestra resistencia notable tras 50,000 ciclos de prueba,es,positivo